ID,numax,numax_e,dnu,dnu_e,Teff,Teff_e,bp_rp,bp_rp_e,Type,Np,Flag
206064678,3037,60,138,3,5513,100,0.9631014,0.1,MS,10,3
206245055,3120,60,140,3,5668,100,0.7583618,0.1,MS,10,3
206371648,3128,60,137,3,5397.479,100,0.930634,0.1,MS,10,3
212624487,3025.209,33.563,132.357,0.784,6143,41,0.714225,0.1,MS,10,1
212708252,2896.664,21.682,133.162,0.773,5550,31,0.871788,0.1,MS,14,1
003241581,2689,60,123,3,5576.819,100,0.8581314,0.1,MS,10,3
